{"_wandb":{"runtime":1223},"_runtime":1223.361517495,"_step":0,"Model/param_count":13735621,"Model/actor_param_count":7048900,"Model/critic_param_count":6686721,"Model/shared_param_count":0,"_timestamp":1.7810589384111657e+09}