{"PPO/sample_reuse":1,"Current Timestep":256901120,"reward/qpos":0.7540663480758667,"PPO/unrolls_per_1m":1.52587890625,"PPO/value_mean":2.1198570728302,"reward/total":0.9381158947944641,"PPO/value_loss":0.00207397248595953,"Validation Measures/err_root_xyz":20.913990020751953,"err/rpos":0.012339159846305847,"Validation/Mean Episode Length":219.78761291503906,"Validation Measures/euclidean_distance_qpos":0.4492488205432892,"Model/param_count":13735621,"reward/penalty":-0.04318742826581001,"reward/rvel_lin":0.9980681538581848,"PPO/clipped_ratio_frac":0.4380432069301605,"Validation Measures/err_rpos":0.13965903222560883,"Validation Measures/err_root_yaw":0.7854350805282593,"Validation Measures/euclidean_distance_site_rrotvec":0.7319633960723877,"err/joint_vel":0.5938534736633301,"PPO/explained_variance":0.9971145987510681,"PPO/ratio_max":2.8859195709228516,"Validation Measures/err_joint_vel":2.4046483039855957,"PPO/total_loss":0.012201918289065361,"Mean Episode Length":44.29058074951172,"PPO/policy_std":2.2912113666534424,"Validation Measures/early_termination_count":6,"reward/root_vel":0.08846288919448853,"PPO/entropy":791.3759155273438,"PPO/utd":0.0001953125,"reward/root_pos":0.6523555517196655,"_step":256901120,"Validation Measures/early_termination_rate":0.05309734493494034,"Validation Measures/euclidean_distance_site_rvel":2.1849000453948975,"PPO/early_termination_count":13879,"reward/rquat":0.9357475638389587,"_wandb":{"runtime":85470},"Mean Episode Return":41.55169677734375,"reward/penalty_activation_energy":0,"PPO/kl_divergence":0.040175460278987885,"PPO/ratio_std":0.2803381681442261,"PPO/advantage_mean":-0.0010566998971626163,"Validation Measures/err_joint_pos":3.881420373916626,"PPO/early_termination_rate":0.9359363317489624,"reward/rvel_rot":0.905243992805481,"PPO/grad_steps_per_1m":195.3125,"Validation Measures/euclidean_distance_qvel":0.5806517601013184,"reward/qvel":0.45047274231910706,"PPO/ratio_mean":0.999974250793457,"PPO/advantage_std":0.06556490808725357,"err/root_yaw":0.02138069085776806,"_runtime":85470.876532399,"Validation/Mean Episode Return":97.82133483886719,"PPO/return_mean":2.118800401687622,"Metric for Sweep":3.090366095304489,"Model/actor_param_count":7048900,"PPO/policy_loss":0.011164933443069458,"err/root_xyz":0.20309023559093475,"Model/shared_param_count":0,"reward/rpos":0.9784647226333618,"PPO/ratio_min":0.33664965629577637,"Learning Rate":0.00034982399665750563,"err/site_abs":0.347836434841156,"Raw JAX Timestep":256901120,"Validation Measures/euclidean_distance_site_rpos":0.17350265383720398,"_timestamp":1.7812319208082612e+09,"err/joint_pos":0.0513298399746418,"PPO/return_std":1.2205851078033447,"Model/critic_param_count":6686721}