{"_wandb":{"runtime":71},"_runtime":71.823654388,"_timestamp":1.7811465176808226e+09,"_step":0,"Model/param_count":13735621,"Model/actor_param_count":7048900,"Model/critic_param_count":6686721,"Model/shared_param_count":0}