{"Model/critic_param_count":6686721,"Model/shared_param_count":0,"_wandb":{"runtime":1246},"_runtime":1246.516460589,"_timestamp":1.7810223761801467e+09,"_step":0,"Model/param_count":13735621,"Model/actor_param_count":7048900}